source,page_number,chunk_number,text,text_ar
Loan amortisation schedule1.xlsx,1,1,"Sheet: Loan Schedule
 Unnamed: 0                  Unnamed: 1                 Unnamed: 2         Unnamed: 3          Unnamed: 4     Unnamed: 5                   Unnamed: 6  Unnamed: 7     Unnamed: 8      Unnamed: 9          Unnamed: 10
        NaN                         NaN Loan Amortisation Schedule                NaN                 NaN            NaN                          NaN         NaN            NaN             NaN                  NaN
        NaN                         NaN                        NaN                NaN                 NaN            NaN                          NaN         NaN            NaN             NaN                  NaN
        NaN                Enter Values                        NaN                NaN                 NaN            NaN                 Loan Summary         NaN            NaN             NaN                  NaN
        NaN                 Loan amount                        NaN                NaN                5000            NaN            Scheduled payment         NaN     425.749521             NaN                  NaN
        NaN        Annual interest rate                        NaN                NaN                0.04            NaN Scheduled number of payments         NaN             12             NaN                  NaN
        NaN        Loan period in years                        NaN                NaN                   1            NaN    Actual number of payments         NaN             10             NaN                  NaN
        NaN Number of payments per year                        NaN                NaN                  12            NaN         Total early payments         NaN            900             NaN                  NaN
        NaN          Start date of loan                        NaN                NaN 2025-04-07 00:00:00            NaN               Total interest         NaN      89.621486             NaN                  NaN
        NaN                         NaN                        NaN                NaN                 NaN            NaN                          NaN         NaN            NaN             NaN                  NaN
        NaN     Optional extra payments                        NaN                NaN                 100            NaN                  Lender name         NaN Woodgrove Bank             NaN                  NaN
        NaN                         NaN                        NaN                NaN                 NaN            NaN                          NaN         NaN            NaN             NaN                  NaN
        NaN              Payment Number              Payment\nDate Beginning\nBalance   Scheduled Payment Extra\nPayment               Total\nPayment   Principal       Interest Ending\nBalance Cumulative\nInterest
        NaN                           1        2025-04-07 00:00:00               5000          425.749521            100                   525.749521  509.082854      16.666667     4490.917146            16.666667
        NaN                           2        2025-05-07 00:","ورقة الورقة:  1 ف-5، 1 خ م، 1 خ م، 1 خ م، 1 خ م
 : 0                  : 1                 : 2         : 3          : 4     : 5                   : 6  : 7     : 8      : 9          : 10
        ن ن ن ن ن ن                         ن ن ن ن ن ن  الترويض 1 ف-5، 1 خ م، 1 خ م، 1 خ م، 1 خ م                ن ن ن ن ن ن                 ن ن ن ن ن ن            ن ن ن ن ن ن                          ن ن ن ن ن ن         ن ن ن ن ن ن            ن ن ن ن ن ن             ن ن ن ن ن ن                  ن ن ن ن ن ن
        ن ن ن ن ن ن                         ن ن ن ن ن ن                        ن ن ن ن ن ن                ن ن ن ن ن ن                 ن ن ن ن ن ن            ن ن ن ن ن ن                          ن ن ن ن ن ن         ن ن ن ن ن ن            ن ن ن ن ن ن             ن ن ن ن ن ن                  ن ن ن ن ن ن
        ن ن ن ن ن ن                                         ن ن ن ن ن ن                ن ن ن ن ن ن                 ن ن ن ن ن ن            ن ن ن ن ن ن                  أولاً - موجز         ن ن ن ن ن ن            ن ن ن ن ن ن             ن ن ن ن ن ن                  ن ن ن ن ن ن
        ن ن ن ن ن ن                                          ن ن ن ن ن ن                ن ن ن ن ن ن                000            ن ن ن ن ن ن            مُنكر كان مُنْد مبلغ         ن ن ن ن ن ن     425 425.749521             ن ن ن ن ن ن                  ن ن ن ن ن ن
        ن ن ن ن ن ن        المجموع السنوي السنوي  المعدل                        ن ن ن ن ن ن                ن ن ن ن ن ن                0.04            ن ن ن ن ن ن مُنكر كان مُنْد عـن عـن of          ن ن ن ن ن ن             12             ن ن ن ن ن ن                  ن ن ن ن ن ن
        ن ن ن ن ن ن         الفترة in (سن سنة)                        ن ن ن ن ن ن                ن ن ن ن ن ن                   1            ن ن ن ن ن ن     عـن عـن of          ن ن ن ن ن ن             10             ن ن ن ن ن ن                  ن ن ن ن ن ن
        ن ن ن ن ن ن العدد of  ) السنة                        ن ن ن ن ن ن                ن ن ن ن ن ن                  12            ن ن ن ن ن ن         (أ) المُبكِِِِِِِِِِِِِِ          ن ن ن ن ن ن                         ن ن ن ن ن ن                  ن ن ن ن ن ن
        ن ن ن ن ن ن          بدء بدأ أولاً - مقدمة of قرض                        ن ن ن ن ن ن                ن ن ن ن ن ن 20 إلى 20 إلى 25-04-07 00:00:00            ن ن ن ن ن ن               (أ)          ن ن ن ن ن ن      89.أولاً - مقدمة             ن ن ن ن ن ن                  ن ن ن ن ن ن
        ن ن ن ن ن ن                         ن ن ن ن ن ن                        ن ن ن ن ن ن                ن ن ن ن ن ن                 ن ن ن ن ن ن            ن ن ن ن ن ن                          ن ن ن ن ن ن         ن ن ن ن ن ن            ن ن ن ن ن ن             ن ن ن ن ن ن                  ن ن ن ن ن ن
        ن ن ن ن ن ن     ألف - اللجنة الاستشارية لشؤون الإدارة والميزانية )أكسور                         ن ن ن ن ن ن                ن ن ن ن ن ن                             ن ن ن ن ن ن                  مُسْرج          ن ن ن ن ن ن  مصرف             ن ن ن ن ن ن                  ن ن ن ن ن ن
        ن ن ن ن ن ن                         ن ن ن ن ن ن                        ن ن ن ن ن ن                ن ن ن ن ن ن                 ن ن ن ن ن ن            ن ن ن ن ن ن                          ن ن ن ن ن ن         ن ن ن ن ن ن            ن ن ن ن ن ن             ن ن ن ن ن ن                  ن ن ن ن ن ن
        ن ن ن ن ن ن               العدد              \ن_______________________ بدء بدء بدء بدء بدء بدء\ن ن   مُنكر كان مُنْد  المجموع\               (أ)\   مكتب رئيس        النهاية النهاية\ن ن المُسُول المُسُكِل\الجذب
        ن ن ن ن ن ن                           1        20 إلى 20 إلى 25-04-07 00:00:00               000          425 425.749521                               525 525.749521  )أ(.082854      16.666667     رابعا وتسعون.٩١١ ٤٦            16.666667
        ن ن ن ن ن ن                           2        20 إلى 20 إلى 25-05-07 00:"
Loan amortisation schedule1.xlsx,1,2,"00:00        4490.917146          425.749521            100                   525.749521  510.779797      14.969724     3980.137349             31.63639
        NaN                           3        2025-06-07 00:00:00        3980.137349          425.749521            100                   525.749521  512.482396      13.267124     3467.654952            44.903515
        NaN                           4        2025-07-07 00:00:00        3467.654952          425.749521            100                   525.749521  514.190671       11.55885     2953.464281            56.462365
        NaN                           5        2025-08-07 00:00:00        2953.464281          425.749521            100                   525.749521   515.90464       9.844881     2437.559641            66.307246
        NaN                           6        2025-09-07 00:00:00        2437.559641          425.749521            100                   525.749521  517.624322       8.125199     1919.935319            74.432445
        NaN                           7        2025-10-07 00:00:00        1919.935319          425.749521            100                   525.749521  519.349737       6.399784     1400.585582            80.832229
        NaN                           8        2025-11-07 00:00:00        1400.585582          425.749521            100                   525.749521  521.080902       4.668619       879.50468            85.500848
        NaN                           9        2025-12-07 00:00:00          879.50468          425.749521            100                   525.749521  522.817839       ","00:00        رابعا وتسعون.٩١١ ٤٦          425 425.749521                               525 525.749521  1 ططط.سابعا -      14.ألف ألف ألف ألف ألف     )٨ آب/.لجنة مجلس             31.63639
        ن ن ن ن ن ن                           3        20 إلى 20 إلى 25-06-07 00:00:00        )٨ آب/.لجنة مجلس          425 425.749521                               525 525.749521  512 512.482396      13.2671     .            44.9035 15
        ن ن ن ن ن ن                           4        20 إلى 20 إلى 25-07-07 00:00:00        .          425 425.749521                               525 525.749521  1 كانون الأول/ديسمبر 514.1906 71       11.558     .٤٦/٤            56.4623 665
        ن ن ن ن ن ن                           5        20 إلى 20 إلى 25-08-07 00:00:00        .٤٦/٤          425 425.749521                               525 525.749521   515.       9.84.4881     24 37.رابعا -            66.٣٠٧
        ن ن ن ن ن ن                           6        20 إلى 20 إلى 25-09-07 00:00:00        24 37.رابعا -          425 425.749521                               525 525.749521  517 517.دال -       8.1 1919     ١٩١٩.)أ(            74.
        ن ن ن ن ن ن                           7        20 إلى 20 إلى 25-10-07 00:00:00        ١٩١٩.)أ(          425 425.749521                               525 525.749521  5 1 19.3497 37       6.     ألف ألف -.            80.83229
        ن ن ن ن ن ن                           8        20 إلى 20 إلى 25-11-07 00:00:00        ألف ألف -.          425 425.749521                               525 525.749521  521.أُنِسِس/02       4.6686 19       8 79.            85.
        ن ن ن ن ن ن                           9        20 إلى 20 إلى 25-12-07 00:00:00          8 79.          425 425.749521                               525 525.749521  522 522.81. 339       "
Loan amortisation schedule1.xlsx,1,3,"2.931682      356.686841             88.43253
        NaN                          10        2026-01-07 00:00:00         356.686841          425.749521              0                   356.686841  355.497885       1.188956               0            89.621486","2.      356.سادساً-             88.432 53
        ن ن ن ن ن ن                          10        2026-01-07 00:00:00         356.سادساً-          425 425.749521              0                   356.سادساً-  355.       1.188956               0            89.أولاً - مقدمة"
Loan analysis.xlsx,1,1,"Sheet: LOAN ANALYSIS
 Unnamed: 0 LOAN ANALYSIS WORKSHEET  Unnamed: 2    Unnamed: 3  Unnamed: 4      Unnamed: 5  Unnamed: 6  Unnamed: 7   Unnamed: 8  Unnamed: 9  Unnamed: 10                                                      Unnamed: 11
        NaN           LOAN ANALYSIS         NaN           NaN         NaN             NaN         NaN         NaN          NaN         NaN          NaN Rate slicer to filter table data based on Rates is in this cell.
        NaN           INTEREST RATE         NaN          0.05         NaN MONTHLY PAYMENT         NaN         NaN   106.065515         NaN          NaN                                                              NaN
        NaN           YEARS OF LOAN         NaN            10         NaN   TOTAL PAYMENT         NaN         NaN 12727.861829         NaN          NaN                                                              NaN
        NaN             LOAN AMOUNT         NaN         10000         NaN  TOTAL INTEREST         NaN         NaN  2727.861829         NaN          NaN                                                              NaN
        NaN            PAYMENTS DUE         NaN End of Period         NaN             NaN         NaN         NaN          NaN         NaN          NaN                                                              NaN
        NaN                     NaN       YEARS           NaN         NaN             NaN         NaN         NaN          NaN         NaN          NaN                                                              NaN
        NaN                    RATE           3             5   10.000000              12   15.000000   20.000000    25.000000   30.000000          NaN                                                              NaN
        NaN                    0.02  286.425787    175.277601   92.013454       78.168369   64.350870   50.588334    42.385434   36.961947          NaN                                                              NaN
        NaN                  0.0225  287.518475    176.373448   93.137372       79.305498   65.508477   51.780829    43.613070   38.224610          NaN                                                              NaN
        NaN                   0.025  288.613757    177.473616   94.269902       80.452938   66.678921   52.990289    44.861673","ورقة الورقة: المحتويات التحليل
 : 0 المحتويات التحليل ثانياً - العمل  : 2    : 3  : 4      : 5  : 6  : 7   : 8  : 9  : 10                                                      : 11
        ن ن ن ن ن ن           المحتويات التحليل         ن ن ن ن ن ن           ن ن ن ن ن ن         ن ن ن ن ن ن             ن ن ن ن ن ن         ن ن ن ن ن ن         ن ن ن ن ن ن          ن ن ن ن ن ن         ن ن ن ن ن ن          ن ن ن ن ن ن المعدل )ع ) to & لا شيء الجدول الجدول البيانات البيانية الأمم المتحدة on  is in هذا خلية.
        ن ن ن ن ن ن           الطرف المكل مـا مـا مـا مـا فـي رابعاً-         ن ن ن ن ن ن          0.05         ن ن ن ن ن ن اليوم المساهمة         ن ن ن ن ن ن         ن ن ن ن ن ن   .06/5515         ن ن ن ن ن ن          ن ن ن ن ن ن                                                              ن ن ن ن ن ن
        ن ن ن ن ن ن           (السنوات) OF المحتويات         ن ن ن ن ن ن            10         ن ن ن ن ن ن   - - - - - - - - - - - - - المساهمة         ن ن ن ن ن ن         ن ن ن ن ن ن 127.861829         ن ن ن ن ن ن          ن ن ن ن ن ن                                                              ن ن ن ن ن ن
        ن ن ن ن ن ن             المحتويات عـن مـا         ن ن ن ن ن ن         ألف ألف ألف ألف ألف         ن ن ن ن ن ن  - - - - - - - - - - - - - الطرف المكل مـا مـا مـا مـا فـي         ن ن ن ن ن ن         ن ن ن ن ن ن  27 27.861829         ن ن ن ن ن ن          ن ن ن ن ن ن                                                              ن ن ن ن ن ن
        ن ن ن ن ن ن            مسددات          ن ن ن ن ن ن & & & & & of          ن ن ن ن ن ن             ن ن ن ن ن ن         ن ن ن ن ن ن         ن ن ن ن ن ن          ن ن ن ن ن ن         ن ن ن ن ن ن          ن ن ن ن ن ن                                                              ن ن ن ن ن ن
        ن ن ن ن ن ن                     ن ن ن ن ن ن       (السنوات)           ن ن ن ن ن ن         ن ن ن ن ن ن             ن ن ن ن ن ن         ن ن ن ن ن ن         ن ن ن ن ن ن          ن ن ن ن ن ن         ن ن ن ن ن ن          ن ن ن ن ن ن                                                              ن ن ن ن ن ن
        ن ن ن ن ن ن                    رابعاً-           3             5   10.              12   15.   20.    25.   30.          ن ن ن ن ن ن                                                              ن ن ن ن ن ن
        ن ن ن ن ن ن                    0.02  28.    175.27 كانون الأول/ديسمبر   92.013454       78.1683 69   64.3508 70   50.    42.   36.ألف ألف ألف ألف ألف ألف ألف ألف ألف          ن ن ن ن ن ن                                                              ن ن ن ن ن ن
        ن ن ن ن ن ن                  0.أولاً - مقدمـة  28.    .334 48   93.لجنة مجلس الأمن المنشأة عملا بالقرار 1373       79.   65.50/8477   51.7 تشرين الأول/ أكتوبر    43.61/70   38.2246 10          ن ن ن ن ن ن                                                              ن ن ن ن ن ن
        ن ن ن ن ن ن                   0.باء باء باء باء باء  288 2 288 2 2 2 288 2 2 2 2 2 2 2 2.ألف -    .4736   94.2699/02       80.45 29 38   66.   52.    44.861673"
Loan analysis.xlsx,1,2,"   39.512090          NaN                                                              NaN
        NaN                  0.0275  289.711631    178.578103   95.411031        81.61067   67.862164   54.216631    46.131086   40.824118          NaN                                                              NaN
        NaN                    0.03  290.812096    179.686907   96.560745       82.778669   69.058164   55.459760    47.421131   42.160403          NaN                                                              NaN
        NaN                  0.0325  291.915152    180.800023   97.719029       83.956912   70.266877   56.719576    48.731623   43.520632          NaN                                                              NaN
        NaN                   0.035  293.020797     181.91745   98.885867       85.145374   71.488254   57.995972    50.062357   44.904469          NaN                                                              NaN
        NaN                  0.0375   294.12903    183.039183  100.061243       86.344025   72.722244   59.288831    51.413120   46.311559          NaN                                                              NaN
        NaN                    0.04   295.23985    184.165221  101.245138       87.552837   73.968793   60.598033    52.783684   47.741530          NaN                                                              NaN
        NaN                  0.0425  296.353255    185.295558  102.437533       88.771778   75.227841   61.923447    54.173810   49.193989          NaN                                                              NaN
        NaN                   0.045  297.469245    186.430192  103.638409       90.000816   76.499329   63.264938    55.583248   50.668531          NaN                                                              NaN
        NaN                  0","   39.٥١/٢٩٠          ن ن ن ن ن ن                                                              ن ن ن ن ن ن
        ن ن ن ن ن ن                  0.أولاً - مقدمـة  .7116 31    ط ط ط ط ط ط.57/81   95.ألف ألف -        81.61067   67.   54.2166 31    46.131086   40.82418          ن ن ن ن ن ن                                                              ن ن ن ن ن ن
        ن ن ن ن ن ن                    0.03  من.8120 96    .680607   96.560745       82.   69.058164   55.    47.رابعا -   42.160403          ن ن ن ن ن ن                                                              ن ن ن ن ن ن
        ن ن ن ن ن ن                  0.طراز 0325  .915 152    .8000 23   97.7190 29       83.ألف ألف ألف ألف ألف   70.سادساً-   56.1 ط ط    48.ثالثا -   43.5206 32          ن ن ن ن ن ن                                                              ن ن ن ن ن ن
        ن ن ن ن ن ن                   0.)أبــر طــر  .020797     .91745   98.ألف ألف -       85.14   71.   57.    50.062357   44.          ن ن ن ن ن ن                                                              ن ن ن ن ن ن
        ن ن ن ن ن ن                  0./   .1 ف - 1 ف - 1 ف - 1 ف -    183.039183  .ثانياً - / 1243       86.رابعا -   72.سابعاً /   59.28/88    51.1 كانون الأول/ديسمبر   46.3115          ن ن ن ن ن ن                                                              ن ن ن ن ن ن
        ن ن ن ن ن ن                    0.04   .طراز 285    .16 كانون الأول/ديسمبر  أولا.أولان       87.رابعا -   73.   60.ثالثاً -    52.   47.سادسا -          ن ن ن ن ن ن                                                              ن ن ن ن ن ن
        ن ن ن ن ن ن                  0.0425  .3532 55    1- 185.  أولاً.3-33 43       88.7717 78   75.2278 41   61.ثالثا -    54.1738 10   49.1939          ن ن ن ن ن ن                                                              ن ن ن ن ن ن
        ن ن ن ن ن ن                   0.برنامج الأمم المتحدة  29ف 2.    .ثالثا -  ٣٠.63/8409       90.   76.   63.2649 38    55.58/38   50.سادسا-          ن ن ن ن ن ن                                                              ن ن ن ن ن ن
        ن ن ن ن ن ن                  0"
Loan analysis.xlsx,1,3,".0475  298.587817     187.56912  104.847743       91.239916   77.783192   64.622363    57.011736   52.164734          NaN                                                              NaN
        NaN                    0.05  299.708971    188.712336  106.065515       92.489041   79.079363   65.995574    58.459004   53.682162          NaN                                                              NaN
        NaN                  0.0525  300.832705    189.859838  107.291701       93.748155   80.387772   67.384417    59.924772   55.220370          NaN                                                              NaN
        NaN                   0.055  301.959018    191.011622  108.526278       95.017217   81.708345   68.788731    61.408749   56.778900          NaN                                                              NaN
        NaN                  0.0575  303.087908    192.167682  109.769220       96.296187   83.041009   70.208351    62.910640   58.357286          NaN                                                              NaN
        NaN                    0.06  304.219375    193.328015  111.020502       97.585021   84.385683   71.643106    64.430140   59.955053          NaN                                                              NaN
        NaN                  0.0625  305.353415    194.492617  112.280097       98.883677   85.742287   73.092820    65.966938   61.571720          NaN                                                              NaN
        NaN                   0.065  306.490029    195.661482  113.547977      100.192109   87.110737   74.557314    67.520716   63.206802          NaN                                                              NaN
        NaN                  0.0675  307.629214    196.834607 ",".0475  طائرة منكر.5878 17     .569 12  .رابعا -       91.2399 16   77.783192   64.62-2363    57.011736   52.1647 و34          ن ن ن ن ن ن                                                              ن ن ن ن ن ن
        ن ن ن ن ن ن                    0.05  2, 2, 2, 2 2.    أولا.71236  .06/5515       92.48/9041   79.79363   65.    58.   53.682162          ن ن ن ن ن ن                                                              ن ن ن ن ن ن
        ن ن ن ن ن ن                  0.05/125  .83 2705    .8598 38  .291701       93.   80.387772   67.384417    59.٩٢   55.2203 70          ن ن ن ن ن ن                                                              ن ن ن ن ن ن
        ن ن ن ن ن ن                   0.برنامج الأمم المتحدة  30 301.ألف ألف ألف    .011622  .52 62 78       95.1/7217   81.   68.سابعا    61.   56.          ن ن ن ن ن ن                                                              ن ن ن ن ن ن
        ن ن ن ن ن ن                  0.0575  .2008/08    .1676 82  .سابعا -       96.   83.0409   70.2083 51    62.9106 40   58.          ن ن ن ن ن ن                                                              ن ن ن ن ن ن
        ن ن ن ن ن ن                    0.06  30.    .32 80 15  أولاً -.020202 0202       97.58/5021   84.3856 83   71.643 106    64.رابعاً-   59.          ن ن ن ن ن ن                                                              ن ن ن ن ن ن
        ن ن ن ن ن ن                  0.نوع الإسناد 25  30 إلى 30 30 30 30 30 30 30 30 30 30 30 30 30 30 30 30 30 30 30 30 30 30 30 30 30 30 30 30 30 30 30 30.35-3415    .492617  ألف.ألف ألف ألف ألف ألف ألف ألف ألف ألف ألف ألف ألف ألف ألف ألف ألف ألف ألف ألف ألف ألف ألف ألف ألف ألف ألف ألف ألف ألف ألف ألف ألف ألف ألف ألف ألف ألف ألف ألف ألف ألف ألف ألف ألف ألف ألف ألف ألف ألف ألف ألف ألف ألف ألف ألف ألف       98.ألف -   85.رابعاً -   73.أولاً - مقدمـة    65.ألف ألف ألف   61.57/1720          ن ن ن ن ن ن                                                              ن ن ن ن ن ن
        ن ن ن ن ن ن                   0.)أبــر طــر  30-30/.4900 29    1 و 195.سادساً -  .ألف -      .192   87.1107 37   74.سادسا -    67.520716   63.2068 02          ن ن ن ن ن ن                                                              ن ن ن ن ن ن
        ن ن ن ن ن ن                  0.سابعاً-  30-30/.أولاً - مقدمة    .834607 "
Loan analysis.xlsx,1,4," 114.824114      101.510269   88.490946   76.036401    69.091153   64.859810          NaN                                                              NaN
        NaN                    0.07  308.770969    198.011985  116.108479       102.83811   89.882827   77.529894    70.677920   66.530250          NaN                                                              NaN
        NaN                  0.0725  309.915292    199.193614  117.401041      104.175581   91.286288   79.037598    72.280686   68.217628          NaN                                                              NaN
        NaN                   0.075  311.062182    200.379486  118.701769      105.522631   92.701236   80.559319    73.899118   69.921451          NaN                                                              NaN
        NaN                  0.0775  312.211636    201.569598  120.010631      106.879208   94.127575   82.094856    75.532876   71.641225          NaN                                                              NaN
        NaN                    0.08  313.363655    202.763943  121.327594      108.245258   95.565208   83.644007    77.181622   73.376457          NaN                                                              NaN
        NaN                  0.0825  314.518234    203.962517  122.652625      109.620727   97.014036   85.206565    78.845013   75.126660          NaN                                                              NaN
        NaN                   0.085  315.675374    205.165313  123.985689      111.005556   98.473956   86.782323    80.522708   76.891348          NaN                                                              NaN
        NaN                  0.0875  316.835072    206.372327  125.326750       112.39969   99.944"," أولا -.824 114      أولا.١٥/٦   88.4909 46   76.036401    69.سابعا -   64.85 9810          ن ن ن ن ن ن                                                              ن ن ن ن ن ن
        ن ن ن ن ن ن                    0.07  30/08.    ١٩٨.01/1985  )١١٦.       أولاً.838 11   89.ألف -   77.    70.670 70   66.5302 50          ن ن ن ن ن ن                                                              ن ن ن ن ن ن
        ن ن ن ن ن ن                  0.طراز 0725  .9 152 92    19 19.193614  ١١٧.40/1041      .1755/81   91.ألف ألف /   79.    72.2806   68.          ن ن ن ن ن ن                                                              ن ن ن ن ن ن
        ن ن ن ن ن ن                   0.ألف ألف ألف  .ثانياً - الـسـان 2182    )٢.  أولاً - مقدم.      .خامسا - 263   92.701236   80.ألف ألف ألف ألف ألف ألف    73.899 118   69.1 ف - 1 ف - 1 ف -          ن ن ن ن ن ن                                                              ن ن ن ن ن ن
        ن ن ن ن ن ن                  0.0775  .211636    :: 201.ألف ألف ألف  .010631      .   94.1275   82.::    75.ثالثا -   71.سادسا -          ن ن ن ن ن ن                                                              ن ن ن ن ن ن
        ن ن ن ن ن ن                    0.08  .36    202.سادسا -  1 م.      .   95.   83.644007    77.181622   73.          ن ن ن ن ن ن                                                              ن ن ن ن ن ن
        ن ن ن ن ن ن                  0.ثانياً - الـطـيـن  .    .ألف ألف ألف ألف  .خامساً - 26 25      .6207 27   97.014036   85.665 20    78.رابعا - 50   75.1266 60          ن ن ن ن ن ن                                                              ن ن ن ن ن ن
        ن ن ن ن ن ن                   0.برنامج الأمم المتحدة  .    .1653 13  .      أولاً -.   98.47   86.782323    80.   76.ألف ألف ألف ألف          ن ن ن ن ن ن                                                              ن ن ن ن ن ن
        ن ن ن ن ن ن                  0.طراز 0875  3, 3, 3, 3, 3, 3, 3, 3, 3, 3, 3, 3, 3, 3, 3, 3, 3, 3, 3, 3, 3,.    يـصـعـان.3723 27  )١٥٠.3267 50       ألف.399 69   99.944"
Loan analysis.xlsx,1,5,"865   88.371071    82.214364   78.670041          NaN                                                              NaN
        NaN                    0.09  317.997327    207.583552  126.675774       113.80307  101.426658   89.972596    83.919636   80.462262          NaN                                                              NaN
        NaN                  0.0925  319.162136    208.798983  128.032722      115.215634  102.919229   91.586683    85.638184   82.267543          NaN                                                              NaN
        NaN                   0.095  320.329497    210.018613  129.397558      116.637324  104.422468   93.213119    87.369666   84.085421          NaN                                                              NaN
        NaN                  0.0975   321.49941    211.242437  130.770242      118.068075  105.936266   94.851685    89.113742   85.915441          NaN                                                              NaN
        NaN                     0.1  322.671872    212.470447  132.150737      119.507826  107.460512   96.502165    90.870075   87.757157          NaN                                                              NaN
        NaN                  0.1025  323.846881    213.702638  133.539002      120.956512  108.995092   98.164339    92.638328   89.610130          NaN                                                              NaN
        NaN                   0.105  325.024435    214.939004  134.934997      122.414068  110.539892   99.837989    94.418171   91.473929          NaN                                                              NaN
        NaN                  0.1075  326.204532    216.179537  136.338680      123.880428  112.094798  101.522895    96.209272   93","865 8   88.الموارد البشرية    82.   78.60041          ن ن ن ن ن ن                                                              ن ن ن ن ن ن
        ن ن ن ن ن ن                    0.09  1 خ م.ألف ألف -    .5835 52  .67       .80307  أولا.   89.    83.919636   80.٤٦/٢٦٢          ن ن ن ن ن ن                                                              ن ن ن ن ن ن
        ن ن ن ن ن ن                  0.ثانياً -  3.أولا -    ::.  أولا.طراز 032722      115 115.21  أولاً.91 29   91.5866 83    85.63/81   82.2675 43          ن ن ن ن ن ن                                                              ن ن ن ن ن ن
        ن ن ن ن ن ن                   0.ط ط ط ط ط ط ط  أنواع.329497    - - - - - - - - - - - - - - -.018613  .      )١١٦.سادساً-  .   93.    87.369666   84.8/5421          ن ن ن ن ن ن                                                              ن ن ن ن ن ن
        ن ن ن ن ن ن                  0.لا شيء   321 321.49941    2 م.242437  .77/02      أولاً - مقدم.أولاً/8075  .ألف ألف   94.85-1685    89.1137-42   85.91-54          ن ن ن ن ن ن                                                              ن ن ن ن ن ن
        ن ن ن ن ن ن                     0.1  322 322.618 72    1 212.٤٧  النفقات.1507 37      ١١.507826  .460512   96.502165    90.   87.          ن ن ن ن ن ن                                                              ن ن ن ن ن ن
        ن ن ن ن ن ن                  0.ألف ألف ألف  3, 3, 3, 3, 3, 3, 3, 3, 3, 3, 3.84.6881    ٢١.70-26 38  .5390/02      .ألف ألف ألف ألف ألف  .99 5092   98.1643 و339    92.63/83 28   89.6101 30          ن ن ن ن ن ن                                                              ن ن ن ن ن ن
        ن ن ن ن ن ن                   0.  3, 3.024435    2.  .ألف باء -      .٤١/٠ك  .539892   99.    94.4181 71   91.٤٧          ن ن ن ن ن ن                                                              ن ن ن ن ن ن
        ن ن ن ن ن ن                  0.1075  3.ثالثاً -    .1795 37  .      .(أ)  ألف.أولاً - مقدمـة  أولا.2895    96.2092 72   93"
Loan analysis.xlsx,1,6,".348136          NaN                                                              NaN
        NaN                    0.11  327.387171    217.424231  137.750011      125.355526  113.659693  103.218839    98.011308   95.232340          NaN                                                              NaN
        NaN                  0.1125  328.572349    218.673079  139.168947      126.839292  115.234460  104.925601    99.823955   97.126139          NaN                                                              NaN
        NaN                   0.115  329.760064    219.926074  140.595444      128.331658  116.818981  106.642963   101.646896   99.029143          NaN                                                              NaN
        NaN                  0.1175  330.950315    221.183209  142.029459      129.832556  118.413136  108.370706   103.479819  100.940973          NaN                                                              NaN
        NaN                    0.12  332.143098    222.444477  143.470948      131.341914  120.016806  110.108613   105.322414  102.861260          NaN                                                              NaN
        NaN                  0.1225  333.338413     223.70987  144.919867      132.859662  121.629871  111.856468   107.174379  104.789643          NaN                                                              NaN
        NaN                   0.125  334.536256    224.979382  146.376169      134.385728  123.252208  113.614055   109.035414  106.725776          NaN                                                              NaN
        NaN                  0.1275  335.736626    226.253005  147.839809       135.92004  124.883698  115.381160   110.905227  108.669321          NaN                                                              NaN
        NaN                    0.13  ",".3481-          ن ن ن ن ن ن                                                              ن ن ن ن ن ن
        ن ن ن ن ن ن                    0.11  3, 3.387 171    ألف 217.رابعا -  .ألف ألف ألف ألف ألف      )١٥٠.3555 26  .659693  ٣٠.ألف ألف -    98.0113 08   95.23-2340          ن ن ن ن ن ن                                                              ن ن ن ن ن ن
        ن ن ن ن ن ن                  0.١١ شــك شــي شــك شــك شــي  328.57/33 49    218 2 2 2 2 2 2 2 2 2 2 2 2 2 2 2 2 2 2 2 2 2 2 2 2 2 2 2 2 2 2 2 2 2 2 2 2 2 2 2 2 2 2 2 2 2 2 2 2 2 2 2 2 2 2 2 2 2 2 2 2 2 2 2 2 2 2 2 2 2 2 2 2 2 2 2 2 2 2 2 2 2 2 2 2 2 2 2 2 2 2 2 2 2 2 2 2 2 2 2 2 2 2 2 2 2 2 2 2 2 2 2 2 2 2 2 2 2 2 2 2 2 2 2 2 2 2 2 2 2 2 2 2 2 2 2 2 2 2 2 2 2 2 2 2 2 2 2 2 2 2 2 2 2 2 2 2 2 2 2 2 2 2 2 2 2 2 2 2 2 2 2 2 2 2 2 2 2 2 2 2 2 2 2 2 2 2 2 2 2 2 2 2 2 2 2 2 2 2 2 2.67  ١١.168947      .  115 115.2344 60  .925/01    99.ألف -   97.1261 39          ن ن ن ن ن ن                                                              ن ن ن ن ن ن
        ن ن ن ن ن ن                   0.115 115  329.ألف ألف    .  .      أولا.331658  )١١٦.81  .6 أيلول/   أولا.ألف ألف -   99.029143          ن ن ن ن ن ن                                                              ن ن ن ن ن ن
        ن ن ن ن ن ن                  0.1175  .1 ف- 1 ف-    221 221.183209  .02      .ثالثا -  أولاً - مقدم.4131  .370706   ٣٠.4798 19  .94/09          ن ن ن ن ن ن                                                              ن ن ن ن ن ن
        ن ن ن ن ن ن                    0.12  332 332.14-30 98    22 طائرة من طراز.رابعاً - الاستنتاجات  .      ١.3 كانون الأول/ديسمبر 14  .1/6806  .1086 13   .322414  أولاً.861260          ن ن ن ن ن ن                                                              ن ن ن ن ن ن
        ن ن ن ن ن ن                  0.ثانيا -  .33/84 13     .709 87  .91      النفقات.  1 م.سابعاً-  أولاً -.   .  .7896 43          ن ن ن ن ن ن                                                              ن ن ن ن ن ن
        ن ن ن ن ن ن                   0.)١٥٠  3, 3, 3, 3.5362 56    22 من طراز 22.  .      .38  .٢٥/٢٢٨  .ألف -   .طراز 035414  .سابعا          ن ن ن ن ن ن                                                              ن ن ن ن ن ن
        ن ن ن ن ن ن                  0.12 75  335 335.سابعاً-    226 2.30/05 25  .ألف ألف ألف ألف       .9 2004  .ألف ألف ألف ألف ألف  115 115.381 160   .  .669321          ن ن ن ن ن ن                                                              ن ن ن ن ن ن
        ن ن ن ن ن ن                    0.13  "
Loan analysis.xlsx,1,7," 336.93952     227.53073  149.310740      137.462524  126.524217  117.157571   112.783530  110.619952          NaN                                                              NaN
        NaN                  0.1325  338.144937    228.812552  150.788916      139.013108  128.173643  118.943077   114.670043  112.577352          NaN                                                              NaN
        NaN                   0.135  339.352873     230.09846  152.274289      140.571716  129.831854  120.737468   116.564488  114.541218          NaN                                                              NaN
        NaN                  0.1375  340.563328    231.388449  153.766812      142.138275  131.498727  122.540538   118.466597  116.511253          NaN                                                              NaN
        NaN                    0.14  341.776298    232.682508  155.266435      143.712708  133.174139  124.352081   120.376104  118.487175          NaN                                                              NaN
        NaN                  0.1425  342.991781    233.980632  156.773111      145.294942  134.857966  126.171894   122.292753  120.468709          NaN                                                              NaN
        NaN                   0.145  344.209774    235.282811  158.286789      146.884899  136.550086  127.999777   124.216292  122.455593          NaN                                                              NaN
        NaN                  0.1475  345.430277    236.589037  159.807422      148.482502  138.250376  129.835530   126.146474  124.447572          NaN                                                              NaN
        NaN                    0.15  346.653285    237.899301  161.334"," 336 3.939 52     ٢٢.5 تموز/  .31 تموز/      .  .٥٢/٤١٧  ١١٧.1575 71   ألف.سابعاً - 30  .61.9952          ن ن ن ن ن ن                                                              ن ن ن ن ن ن
        ن ن ن ن ن ن                  0.1325 1325 1325 1325  .رابعاً- 1449 37    2كر 2 2 2 2 2 2 2 2 2 2 2 2 2 2 2 2 2 2 2 2 2 2 2 2 2 2 2 2 2 2 2 2 2 2 2 2 2 2 2 2 2 2 2 2 2 2 2 2 2 2 2 2 2 2 2 2 2 2 2 2 2 2 2 2 2 2 2 2 2 2 2 2 2 2 2 2 2 2 2 2 2 2 2 2 2 2 2 2 2 2 2 2 2 2 2 2 2 2 2 2 2 2 2 2 2 2 2 2 2 2 2 2 2 2 2 2 2 2 2 2 2 2 2 2 2 2 2 2 2 2 2 2 2 2 2 2 2 2 2 2 2 2 2 2 2.8125 52  .78      ١١.1/3108  أولا.1736 43  أولاً - مقدم.بــاء -   أولا -.6.00 43  ألف.57 في المائة          ن ن ن ن ن ن                                                              ن ن ن ن ن ن
        ن ن ن ن ن ن                   0.  339 3.3528 73     .09846  .      .5717 16  .83-1854  .ثالثا -   )١١٦.ألف -  أولا -.5412 18          ن ن ن ن ن ن                                                              ن ن ن ن ن ن
        ن ن ن ن ن ن                  0.1375  طائرة.سادساً-    23 و 23.  .668 12      .1382 75  ١.  .ألف ألف ألف ألف   أولاً - مقدم.ألف ألف ألف ألف ألف ألف ألف ألف ألف ألف  )١١٦.511253          ن ن ن ن ن ن                                                              ن ن ن ن ن ن
        ن ن ن ن ن ن                    0.14  341 341.جيم/    .ألف ألف ألف ألف  ألف من طراز.      .7 127 08  .1741  .30/81 35   .  أولاً - مقدم.487175          ن ن ن ن ن ن                                                              ن ن ن ن ن ن
        ن ن ن ن ن ن                  0.ثانيا -  3 و 4.991781    .980632  .جيم -      .  .  .ط ط ط ط ط ط   .  .          ن ن ن ن ن ن                                                              ن ن ن ن ن ن
        ن ن ن ن ن ن                   0.  344.2097    يُ.28 كانون الأول/  .      .ألف ألف ألف ألف ألف ألف ألف ألف ألف ألف  .ألف ألف ألف ألف  ١٢٧.ألف ألف -   .2162  .          ن ن ن ن ن ن                                                              ن ن ن ن ن ن
        ن ن ن ن ن ن                  0.1475  345.430 277    .ألف باء -  .8022      لبنان.أولاً - مقدمة أولاً - مقدمة أولاً - مقدمة  ١٩٨.2503 76  .ثالثا -   .1464  .4475          ن ن ن ن ن ن                                                              ن ن ن ن ن ن
        ن ن ن ن ن ن                    0.15  346.65/3285    2, 2, 2, 2 2, 2 2 2.89/9301  .3, 3, 3, 3"
Loan analysis.xlsx,1,8,"957      150.087677  139.958712  131.678958   128.083061  126.444402          NaN                                                              NaN
        NaN                  0.1525  347.878797    239.213595  162.869346      151.700344  141.674972  133.529868   130.025820  128.445850          NaN                                                              NaN
        NaN                   0.155   349.10681    240.531911  164.410537      153.320427  143.399034  135.388069   131.974524  130.451692          NaN                                                              NaN
        NaN                  0.1575  350.337322    241.854239  165.958479      154.947848  145.130775  137.253373   133.928951  132.461710          NaN                                                              NaN
        NaN                    0.16   351.57033    243.180571  167.513121       156.58253  146.870074  139.125594   135.888889  134.475700          NaN                                                              NaN","957      .ثالثا -  ١١.958712  ١.   أولا.30/61  .رابعا -          ن ن ن ن ن ن                                                              ن ن ن ن ن ن
        ن ن ن ن ن ن                  0.15 25 15  347.    2 2 2 2 2 2 2 2 2 2 2 2 2 2 2 2 2 2 2 2 2 2 2 2 2 2 2 2 2 2 2 2 2 2 2 2 2 2 2 2 2 2 2 2 2 2 2 2 2 2 2 2 2 2 2 2 2 2 2 2 2 2 2 2 2 2 2 2 2 2 2 2 2 2 2 2 2 2 2 2 2 2 2 2 2 2 2 2 2 2 2 2 2 2 2 2 2 2 2 2 2 2 2 2 2 2 2 2 2 2 2 2 2 2 2 2 2 2 2 2 2 2 2 2 2 2 2 2 2 2 2 2 2 2 2 2 2 2 2 2 2 2 2 2 2 2 2 2 2 2 2 2 2 2 2 2 2 2 2 2 2 2 2 2 2 2 2 2 2 2 2 2 2 2 2 2 2 2 2 2 2 2 2 2 2 2 2 2 2 2 2 2 2 2 2 2 2 2 2 2 2 2.213595  .      ١٥.70 0344  أولا.  .   .025820  أولا.44.50          ن ن ن ن ن ن                                                              ن ن ن ن ن ن
        ن ن ن ن ن ن                   0.ألف من طراز   349 349.أولا-    .٥٣/١١١  .ألف ألف ألف ألف      .ثالثاً -  .39 أيلول/  .٠٨   ١.  .451692          ن ن ن ن ن ن                                                              ن ن ن ن ن ن
        ن ن ن ن ن ن                  0.1575  .33-22    24 24 24.85  .      .رابعا -  .130775  .2533 73   .  النفقات.4617 10          ن ن ن ن ن ن                                                              ن ن ن ن ن ن
        ن ن ن ن ن ن                    0.16   طائرة.5 تموز/    243 2.180571  .٥١/١٢       .  .  ١١.   .88  .٤٧          ن ن ن ن ن ن                                                              ن ن ن ن ن ن"
party budget1.xlsx,1,1,"Sheet: Wedding budget
 Unnamed: 0                 Unnamed: 1 Unnamed: 2 Unnamed: 3 Unnamed: 4  Unnamed: 5                      Unnamed: 6 Unnamed: 7 Unnamed: 8 Unnamed: 9  Unnamed: 10  Unnamed: 11 Unnamed: 12           Unnamed: 13 Unnamed: 14 Unnamed: 15   Unnamed: 16 Unnamed: 17
        NaN               PARTY BUDGET        NaN        NaN        NaN         NaN                             NaN        NaN        NaN        NaN          NaN          NaN         NaN                   NaN         NaN         NaN           NaN         NaN
        NaN                        NaN        NaN        NaN        NaN         NaN                             NaN        NaN        NaN        NaN          NaN          NaN         NaN                   NaN         NaN         NaN           NaN         NaN
        NaN                        NaN        NaN        NaN        NaN         NaN                             NaN        NaN        NaN        NaN          NaN          NaN         NaN                   NaN         NaN         NaN           NaN         NaN
        NaN                    SUMMARY  ESTIMATED     ACTUAL OVER/UNDER         NaN      SUMMARY OF ACTUAL EXPENSES        NaN        NaN        NaN          NaN          NaN        Rank              Category   Estimated      Actual Ranking Value         Ref
        NaN                  Reception       5500       5300       -200         NaN                             NaN        NaN        NaN        NaN          NaN          NaN          10               Apparel           0           0        0.0006           1
        NaN                Photography       2950       2950          0         NaN                             NaN        NaN        NaN        NaN          NaN          NaN           9           Decorations           0           0        0.0007           2
        NaN             Transportation       1450       1400        -50         NaN                             NaN        NaN        NaN        NaN          NaN          NaN           4                 Gifts        1400        1300     1300.0008           3
        NaN                      Gifts       1400       1300       -100         NaN                             NaN        NaN        NaN        NaN          NaN          NaN           6               Flowers         800         800      800.0009           4
        NaN                      Music       1200       1250         50         NaN                             NaN        NaN        NaN        NaN          NaN          NaN           5","ورقة الورقة: (يُززززز الميزانية
 : 0                 : 1 : 2 : 3 : 4  : 5                      : 6 : 7 : 8 : 9  : 10  : 11 : 12           : 13 : 14 : 15   : 16 : 17
        ن ن ن ن ن ن               مـن مـتـج مـ الميزانية        ن ن ن ن ن ن        ن ن ن ن ن ن        ن ن ن ن ن ن         ن ن ن ن ن ن                             ن ن ن ن ن ن        ن ن ن ن ن ن        ن ن ن ن ن ن        ن ن ن ن ن ن          ن ن ن ن ن ن          ن ن ن ن ن ن         ن ن ن ن ن ن                   ن ن ن ن ن ن         ن ن ن ن ن ن         ن ن ن ن ن ن           ن ن ن ن ن ن         ن ن ن ن ن ن
        ن ن ن ن ن ن                        ن ن ن ن ن ن        ن ن ن ن ن ن        ن ن ن ن ن ن        ن ن ن ن ن ن         ن ن ن ن ن ن                             ن ن ن ن ن ن        ن ن ن ن ن ن        ن ن ن ن ن ن        ن ن ن ن ن ن          ن ن ن ن ن ن          ن ن ن ن ن ن         ن ن ن ن ن ن                   ن ن ن ن ن ن         ن ن ن ن ن ن         ن ن ن ن ن ن           ن ن ن ن ن ن         ن ن ن ن ن ن
        ن ن ن ن ن ن                        ن ن ن ن ن ن        ن ن ن ن ن ن        ن ن ن ن ن ن        ن ن ن ن ن ن         ن ن ن ن ن ن                             ن ن ن ن ن ن        ن ن ن ن ن ن        ن ن ن ن ن ن        ن ن ن ن ن ن          ن ن ن ن ن ن          ن ن ن ن ن ن         ن ن ن ن ن ن                   ن ن ن ن ن ن         ن ن ن ن ن ن         ن ن ن ن ن ن           ن ن ن ن ن ن         ن ن ن ن ن ن
        ن ن ن ن ن ن                    موجز موجز  حتى     ( رأس المال رأس المال ع م ع م ع م/         ن ن ن ن ن ن      موجز موجز OF ( رأس المال رأس المال التكلفـات        ن ن ن ن ن ن        ن ن ن ن ن ن        ن ن ن ن ن ن          ن ن ن ن ن ن          ن ن ن ن ن ن        الصنف              الفئة الفئة   التقديرات المقدرة للفترة       الصنف القيمة         فريق أقل
        ن ن ن ن ن ن                  1 ف-5، 1 ف-4، 1 ف-3، 1 ف-2       ألف ألف -       ألف ألف ألف ألف       -)٢         ن ن ن ن ن ن                             ن ن ن ن ن ن        ن ن ن ن ن ن        ن ن ن ن ن ن        ن ن ن ن ن ن          ن ن ن ن ن ن          ن ن ن ن ن ن          10                          0           0        0.           1
        ن ن ن ن ن ن                المُرْصِصْصِصِ       29 50       29 50          0         ن ن ن ن ن ن                             ن ن ن ن ن ن        ن ن ن ن ن ن        ن ن ن ن ن ن        ن ن ن ن ن ن          ن ن ن ن ن ن          ن ن ن ن ن ن           9           الزئوريات           0           0        0.           2
        ن ن ن ن ن ن                    أولا -       ألف ألف -        -50         ن ن ن ن ن ن                             ن ن ن ن ن ن        ن ن ن ن ن ن        ن ن ن ن ن ن        ن ن ن ن ن ن          ن ن ن ن ن ن          ن ن ن ن ن ن           4                         ألف ألف -        1300     1300.           3
        ن ن ن ن ن ن                             ألف ألف -       1300       -         ن ن ن ن ن ن                             ن ن ن ن ن ن        ن ن ن ن ن ن        ن ن ن ن ن ن        ن ن ن ن ن ن          ن ن ن ن ن ن          ن ن ن ن ن ن           6                                       .           4
        ن ن ن ن ن ن                             ألف ألف ألف       12 50         50         ن ن ن ن ن ن                             ن ن ن ن ن ن        ن ن ن ن ن ن        ن ن ن ن ن ن        ن ن ن ن ن ن          ن ن ن ن ن ن          ن ن ن ن ن ن           5"
party budget1.xlsx,1,2,"                 Music        1200        1250      1250.001           5
        NaN                    Flowers        800        800          0         NaN                             NaN        NaN        NaN        NaN          NaN          NaN           2           Photography        2950        2950     2950.0011           6
        NaN      Stationery / Printing        400        400          0         NaN                             NaN        NaN        NaN        NaN          NaN          NaN           1             Reception        5500        5300     5300.0012           7
        NaN             Other Expenses        300        300          0         NaN                             NaN        NaN        NaN        NaN          NaN          NaN           7 Stationery / Printing         400         400      400.0013           8
        NaN                Decorations          0          0          0         NaN                             NaN        NaN        NaN        NaN          NaN          NaN           3        Transportation        1450        1400     1400.0014           9
        NaN                    Apparel          0          0          0         NaN                             NaN        NaN        NaN        NaN          NaN          NaN           8        Other Expenses         300         300      300.0015          10
        NaN               Total budget      14000      13700         10         NaN                             NaN        NaN        NaN        NaN          NaN          NaN         NaN                   NaN         NaN         NaN           NaN         NaN
        NaN                        NaN        NaN        NaN        NaN         NaN                             NaN        NaN        NaN        NaN          NaN          NaN         NaN                   NaN         NaN         NaN           NaN         NaN
        NaN                        NaN        NaN        NaN        NaN         NaN                             NaN        NaN        NaN        NaN          NaN          NaN         NaN                   NaN         NaN         NaN           NaN         NaN
        NaN                        NaN        NaN        NaN        NaN         NaN                             NaN        NaN        NaN        NaN          NaN          NaN         NaN                   NaN         NaN         NaN           NaN         NaN
        NaN                    APPAREL  ESTIMATED     ACTUAL OVER/UNDER         NaN                     DECORATIONS  ESTIMATED     ACTUAL OVER/UNDER          NaN          NaN         NaN                   NaN         NaN         NaN           NaN         NaN
        NaN            Engagement ring       5000       5000          0         NaN            B","                         ألف ألف ألف        12 50      12 50.- - - - - - - - - - - - -           5
        ن ن ن ن ن ن                                              0         ن ن ن ن ن ن                             ن ن ن ن ن ن        ن ن ن ن ن ن        ن ن ن ن ن ن        ن ن ن ن ن ن          ن ن ن ن ن ن          ن ن ن ن ن ن           2           المُرْصِصْصِصِ        29 50        29 50     29 50.أولاً - مقدمة           6
        ن ن ن ن ن ن       / الطبع                          0         ن ن ن ن ن ن                             ن ن ن ن ن ن        ن ن ن ن ن ن        ن ن ن ن ن ن        ن ن ن ن ن ن          ن ن ن ن ن ن          ن ن ن ن ن ن           1             1 ف-5، 1 ف-4، 1 ف-3، 1 ف-2        ألف ألف -        ألف ألف ألف ألف     ألف ألف ألف ألف.ألف ألف ألف ألف ألف ألف           7
        ن ن ن ن ن ن             نفقات أخرى أخرى أخرى                           0         ن ن ن ن ن ن                             ن ن ن ن ن ن        ن ن ن ن ن ن        ن ن ن ن ن ن        ن ن ن ن ن ن          ن ن ن ن ن ن          ن ن ن ن ن ن           7  / الطبع                        .أولاً - مقدمـة           8
        ن ن ن ن ن ن                الزئوريات          0          0          0         ن ن ن ن ن ن                             ن ن ن ن ن ن        ن ن ن ن ن ن        ن ن ن ن ن ن        ن ن ن ن ن ن          ن ن ن ن ن ن          ن ن ن ن ن ن           3                أولا -        ألف ألف -     ألف ألف -.أولاً - مقدمـة           9
        ن ن ن ن ن ن                              0          0          0         ن ن ن ن ن ن                             ن ن ن ن ن ن        ن ن ن ن ن ن        ن ن ن ن ن ن        ن ن ن ن ن ن          ن ن ن ن ن ن          ن ن ن ن ن ن           8        نفقات أخرى أخرى أخرى                         .ألف ألف ألف ألف ألف          10
        ن ن ن ن ن ن               (أ) الميزانية      ٤١      ١         10         ن ن ن ن ن ن                             ن ن ن ن ن ن        ن ن ن ن ن ن        ن ن ن ن ن ن        ن ن ن ن ن ن          ن ن ن ن ن ن          ن ن ن ن ن ن         ن ن ن ن ن ن                   ن ن ن ن ن ن         ن ن ن ن ن ن         ن ن ن ن ن ن           ن ن ن ن ن ن         ن ن ن ن ن ن
        ن ن ن ن ن ن                        ن ن ن ن ن ن        ن ن ن ن ن ن        ن ن ن ن ن ن        ن ن ن ن ن ن         ن ن ن ن ن ن                             ن ن ن ن ن ن        ن ن ن ن ن ن        ن ن ن ن ن ن        ن ن ن ن ن ن          ن ن ن ن ن ن          ن ن ن ن ن ن         ن ن ن ن ن ن                   ن ن ن ن ن ن         ن ن ن ن ن ن         ن ن ن ن ن ن           ن ن ن ن ن ن         ن ن ن ن ن ن
        ن ن ن ن ن ن                        ن ن ن ن ن ن        ن ن ن ن ن ن        ن ن ن ن ن ن        ن ن ن ن ن ن         ن ن ن ن ن ن                             ن ن ن ن ن ن        ن ن ن ن ن ن        ن ن ن ن ن ن        ن ن ن ن ن ن          ن ن ن ن ن ن          ن ن ن ن ن ن         ن ن ن ن ن ن                   ن ن ن ن ن ن         ن ن ن ن ن ن         ن ن ن ن ن ن           ن ن ن ن ن ن         ن ن ن ن ن ن
        ن ن ن ن ن ن                        ن ن ن ن ن ن        ن ن ن ن ن ن        ن ن ن ن ن ن        ن ن ن ن ن ن         ن ن ن ن ن ن                             ن ن ن ن ن ن        ن ن ن ن ن ن        ن ن ن ن ن ن        ن ن ن ن ن ن          ن ن ن ن ن ن          ن ن ن ن ن ن         ن ن ن ن ن ن                   ن ن ن ن ن ن         ن ن ن ن ن ن         ن ن ن ن ن ن           ن ن ن ن ن ن         ن ن ن ن ن ن
        ن ن ن ن ن ن                    المستقبِل  حتى     ( رأس المال رأس المال ع م ع م ع م/         ن ن ن ن ن ن                     سابعاً - مـن  حتى     ( رأس المال رأس المال ع م ع م ع م/          ن ن ن ن ن ن          ن ن ن ن ن ن         ن ن ن ن ن ن                   ن ن ن ن ن ن         ن ن ن ن ن ن         ن ن ن ن ن ن           ن ن ن ن ن ن         ن ن ن ن ن ن
        ن ن ن ن ن ن            المشاركة 1 ف-4، 1 ف-3، 1 خ م، 1 خ م، 1 م و، 1 م و، 1 م و، 1 م و، 1 م و، 1 م و، 1 م و، 1 م و، 1 م و، 1 م و، 1 م و، 1 م و، 1 م و، 1 م و، 1 م و، 1 م و، 1 م و، 1 م و، 1 م و، 1 م و، 1 م و، 1 م و، 1 م و، 1 م و، 1 م و، 1 م و، 1 م و، 1 م و، 1 م و، 1 م و، 1 م و(أ)       000       000          0         ن ن ن ن ن ن            B"
party budget1.xlsx,1,3,"ows for church pews       1800       1800          0          NaN          NaN         NaN                   NaN         NaN         NaN           NaN         NaN
        NaN              Wedding rings          0          0          0         NaN              Table centerpieces        500        500          0          NaN          NaN         NaN                   NaN         NaN         NaN           NaN         NaN
        NaN  Tux, suit, and/or dresses          0          0          0         NaN                         Candles          0          0          0          NaN          NaN         NaN                   NaN         NaN         NaN           NaN         NaN
        NaN             Veil/headpiece          0          0          0         NaN                        Lighting          0          0          0          NaN          NaN         NaN                   NaN         NaN         NaN           NaN         NaN
        NaN                      Shoes          0          0          0         NaN                        Balloons          0          0          0          NaN          NaN         NaN                   NaN         NaN         NaN           NaN         NaN
        NaN                    Jewelry          0          0          0         NaN                          Others          0          0          0          NaN          NaN         NaN                   NaN         NaN         NaN           NaN         NaN
        NaN                Accessories          0          0          0         NaN           Total for decorations          0          0          0          NaN          NaN         NaN                   NaN         NaN         NaN           NaN         NaN
        NaN                     Others          0          0          0         NaN                             NaN        NaN        NaN        NaN          NaN          NaN         NaN                   NaN         NaN         NaN           NaN         NaN
        NaN          Total for apparel          0          0          0         NaN                             NaN        NaN        NaN        NaN          NaN          NaN         NaN                   NaN         NaN         NaN           NaN         NaN
        NaN                        NaN        NaN        NaN        NaN         NaN                         FLOWERS  ESTIMATED     ACTUAL OVER/UNDER          NaN          NaN         NaN                   NaN         NaN         NaN           NaN         NaN
        NaN                        NaN        NaN        NaN        NaN         NaN                        Bouquets        800        800          0          NaN          NaN         NaN                   NaN         NaN         NaN           NaN         NaN
        NaN                      GIFTS  ESTIMATED     ACTUAL OVER/UNDER         NaN                    Boutonnières          0","المرافث - - - - - - - - - - - - - كنيسة بُقِس       1800 1800       1800 1800          0          ن ن ن ن ن ن          ن ن ن ن ن ن         ن ن ن ن ن ن                   ن ن ن ن ن ن         ن ن ن ن ن ن         ن ن ن ن ن ن           ن ن ن ن ن ن         ن ن ن ن ن ن
        ن ن ن ن ن ن              (يُززززز حلقات حلقات          0          0          0         ن ن ن ن ن ن              الجدول         شؤون        شؤون          0          ن ن ن ن ن ن          ن ن ن ن ن ن         ن ن ن ن ن ن                   ن ن ن ن ن ن         ن ن ن ن ن ن         ن ن ن ن ن ن           ن ن ن ن ن ن         ن ن ن ن ن ن
        ن ن ن ن ن ن  تأكس, بدل, وقد عقد مؤتمراً بشأن/or           0          0          0         ن ن ن ن ن ن                         الشاويات          0          0          0          ن ن ن ن ن ن          ن ن ن ن ن ن         ن ن ن ن ن ن                   ن ن ن ن ن ن         ن ن ن ن ن ن         ن ن ن ن ن ن           ن ن ن ن ن ن         ن ن ن ن ن ن
        ن ن ن ن ن ن             الحار/مقدم مقدم من          0          0          0         ن ن ن ن ن ن                        خفيفة          0          0          0          ن ن ن ن ن ن          ن ن ن ن ن ن         ن ن ن ن ن ن                   ن ن ن ن ن ن         ن ن ن ن ن ن         ن ن ن ن ن ن           ن ن ن ن ن ن         ن ن ن ن ن ن
        ن ن ن ن ن ن                      4 شوشز          0          0          0         ن ن ن ن ن ن                                  0          0          0          ن ن ن ن ن ن          ن ن ن ن ن ن         ن ن ن ن ن ن                   ن ن ن ن ن ن         ن ن ن ن ن ن         ن ن ن ن ن ن           ن ن ن ن ن ن         ن ن ن ن ن ن
        ن ن ن ن ن ن                              0          0          0         ن ن ن ن ن ن                                    0          0          0          ن ن ن ن ن ن          ن ن ن ن ن ن         ن ن ن ن ن ن                   ن ن ن ن ن ن         ن ن ن ن ن ن         ن ن ن ن ن ن           ن ن ن ن ن ن         ن ن ن ن ن ن
        ن ن ن ن ن ن                القابس          0          0          0         ن ن ن ن ن ن           (أ) - - - - - - - - - - - - - 4 - مقدمـة من          0          0          0          ن ن ن ن ن ن          ن ن ن ن ن ن         ن ن ن ن ن ن                   ن ن ن ن ن ن         ن ن ن ن ن ن         ن ن ن ن ن ن           ن ن ن ن ن ن         ن ن ن ن ن ن
        ن ن ن ن ن ن                               0          0          0         ن ن ن ن ن ن                             ن ن ن ن ن ن        ن ن ن ن ن ن        ن ن ن ن ن ن        ن ن ن ن ن ن          ن ن ن ن ن ن          ن ن ن ن ن ن         ن ن ن ن ن ن                   ن ن ن ن ن ن         ن ن ن ن ن ن         ن ن ن ن ن ن           ن ن ن ن ن ن         ن ن ن ن ن ن
        ن ن ن ن ن ن          (أ) - - - - - - - - - - - - - &          0          0          0         ن ن ن ن ن ن                             ن ن ن ن ن ن        ن ن ن ن ن ن        ن ن ن ن ن ن        ن ن ن ن ن ن          ن ن ن ن ن ن          ن ن ن ن ن ن         ن ن ن ن ن ن                   ن ن ن ن ن ن         ن ن ن ن ن ن         ن ن ن ن ن ن           ن ن ن ن ن ن         ن ن ن ن ن ن
        ن ن ن ن ن ن                        ن ن ن ن ن ن        ن ن ن ن ن ن        ن ن ن ن ن ن        ن ن ن ن ن ن         ن ن ن ن ن ن                         فور الفلور  حتى     ( رأس المال رأس المال ع م ع م ع م/          ن ن ن ن ن ن          ن ن ن ن ن ن         ن ن ن ن ن ن                   ن ن ن ن ن ن         ن ن ن ن ن ن         ن ن ن ن ن ن           ن ن ن ن ن ن         ن ن ن ن ن ن
        ن ن ن ن ن ن                        ن ن ن ن ن ن        ن ن ن ن ن ن        ن ن ن ن ن ن        ن ن ن ن ن ن         ن ن ن ن ن ن                        البواقاط                          0          ن ن ن ن ن ن          ن ن ن ن ن ن         ن ن ن ن ن ن                   ن ن ن ن ن ن         ن ن ن ن ن ن         ن ن ن ن ن ن           ن ن ن ن ن ن         ن ن ن ن ن ن
        ن ن ن ن ن ن                      ثانياً - المسودات  حتى     ( رأس المال رأس المال ع م ع م ع م/         ن ن ن ن ن ن                    الأمكنة          0"
party budget1.xlsx,1,4,"          0          0          NaN          NaN         NaN                   NaN         NaN         NaN           NaN         NaN
        NaN                 Attendants       1200       1100       -100         NaN                        Corsages          0          0          0          NaN          NaN         NaN                   NaN         NaN         NaN           NaN         NaN
        NaN                    Parents        200        200          0         NaN                        Ceremony          0          0          0          NaN          NaN         NaN                   NaN         NaN         NaN           NaN         NaN
        NaN Readers/other participants          0          0          0         NaN                       Reception          0          0          0          NaN          NaN         NaN                   NaN         NaN         NaN           NaN         NaN
        NaN                     Others          0          0          0         NaN                          Others          0          0          0          NaN          NaN         NaN                   NaN         NaN         NaN           NaN         NaN
        NaN            Total for gifts       1400       1300       -100         NaN               Total for flowers        800        800          0          NaN          NaN         NaN                   NaN         NaN         NaN           NaN         NaN
        NaN                        NaN        NaN        NaN        NaN         NaN                             NaN        NaN        NaN        NaN          NaN          NaN         NaN                   NaN         NaN         NaN           NaN         NaN
        NaN                        NaN        NaN        NaN        NaN         NaN                             NaN        NaN        NaN        NaN          NaN          NaN         NaN                   NaN         NaN         NaN           NaN         NaN
        NaN                     MUSIC   ESTIMATED     ACTUAL OVER/UNDER         NaN                     PHOTOGRAPHY  ESTIMATED     ACTUAL OVER/UNDER          NaN          NaN         NaN                   NaN         NaN         NaN           NaN         NaN
        NaN     Musicians for ceremony       1200       1250         50         NaN                         Formals       1200       1200          0          NaN          NaN         NaN                   NaN         NaN         NaN           NaN         NaN
        NaN      Band/DJ for reception          0          0          0         NaN                        Candid's        800        800          0          NaN          NaN         NaN                   NaN         NaN         NaN           NaN         NaN
        NaN                     Others          0          0          0         NaN                    Extra prints          0          0          0          NaN         ","          0          0          ن ن ن ن ن ن          ن ن ن ن ن ن         ن ن ن ن ن ن                   ن ن ن ن ن ن         ن ن ن ن ن ن         ن ن ن ن ن ن           ن ن ن ن ن ن         ن ن ن ن ن ن
        ن ن ن ن ن ن                 مُلِظات       ألف ألف ألف       1100       -         ن ن ن ن ن ن                        &:::::::::::::::::::::          0          0          0          ن ن ن ن ن ن          ن ن ن ن ن ن         ن ن ن ن ن ن                   ن ن ن ن ن ن         ن ن ن ن ن ن         ن ن ن ن ن ن           ن ن ن ن ن ن         ن ن ن ن ن ن
        ن ن ن ن ن ن                            )٢        )٢          0         ن ن ن ن ن ن                                  0          0          0          ن ن ن ن ن ن          ن ن ن ن ن ن         ن ن ن ن ن ن                   ن ن ن ن ن ن         ن ن ن ن ن ن         ن ن ن ن ن ن           ن ن ن ن ن ن         ن ن ن ن ن ن
        ن ن ن ن ن ن /نفقات أخرى المشاركون          0          0          0         ن ن ن ن ن ن                       1 ف-5، 1 ف-4، 1 ف-3، 1 ف-2          0          0          0          ن ن ن ن ن ن          ن ن ن ن ن ن         ن ن ن ن ن ن                   ن ن ن ن ن ن         ن ن ن ن ن ن         ن ن ن ن ن ن           ن ن ن ن ن ن         ن ن ن ن ن ن
        ن ن ن ن ن ن                               0          0          0         ن ن ن ن ن ن                                    0          0          0          ن ن ن ن ن ن          ن ن ن ن ن ن         ن ن ن ن ن ن                   ن ن ن ن ن ن         ن ن ن ن ن ن         ن ن ن ن ن ن           ن ن ن ن ن ن         ن ن ن ن ن ن
        ن ن ن ن ن ن            (أ) - - - - - - - - - - - - - الهدايس والهدايس       ألف ألف -       1300       -         ن ن ن ن ن ن               (أ) - - - - - - - - - - - - -                           0          ن ن ن ن ن ن          ن ن ن ن ن ن         ن ن ن ن ن ن                   ن ن ن ن ن ن         ن ن ن ن ن ن         ن ن ن ن ن ن           ن ن ن ن ن ن         ن ن ن ن ن ن
        ن ن ن ن ن ن                        ن ن ن ن ن ن        ن ن ن ن ن ن        ن ن ن ن ن ن        ن ن ن ن ن ن         ن ن ن ن ن ن                             ن ن ن ن ن ن        ن ن ن ن ن ن        ن ن ن ن ن ن        ن ن ن ن ن ن          ن ن ن ن ن ن          ن ن ن ن ن ن         ن ن ن ن ن ن                   ن ن ن ن ن ن         ن ن ن ن ن ن         ن ن ن ن ن ن           ن ن ن ن ن ن         ن ن ن ن ن ن
        ن ن ن ن ن ن                        ن ن ن ن ن ن        ن ن ن ن ن ن        ن ن ن ن ن ن        ن ن ن ن ن ن         ن ن ن ن ن ن                             ن ن ن ن ن ن        ن ن ن ن ن ن        ن ن ن ن ن ن        ن ن ن ن ن ن          ن ن ن ن ن ن          ن ن ن ن ن ن         ن ن ن ن ن ن                   ن ن ن ن ن ن         ن ن ن ن ن ن         ن ن ن ن ن ن           ن ن ن ن ن ن         ن ن ن ن ن ن
        ن ن ن ن ن ن                     الـMUS   حتى     ( رأس المال رأس المال ع م ع م ع م/         ن ن ن ن ن ن                     في علم الفلسفة  حتى     ( رأس المال رأس المال ع م ع م ع م/          ن ن ن ن ن ن          ن ن ن ن ن ن         ن ن ن ن ن ن                   ن ن ن ن ن ن         ن ن ن ن ن ن         ن ن ن ن ن ن           ن ن ن ن ن ن         ن ن ن ن ن ن
        ن ن ن ن ن ن      - - - - - - - - - - - - - التأجيل       ألف ألف ألف       12 50         50         ن ن ن ن ن ن                                ألف ألف ألف       ألف ألف ألف          0          ن ن ن ن ن ن          ن ن ن ن ن ن         ن ن ن ن ن ن                   ن ن ن ن ن ن         ن ن ن ن ن ن         ن ن ن ن ن ن           ن ن ن ن ن ن         ن ن ن ن ن ن
        ن ن ن ن ن ن      & علّم/DJ - - - - - - - - - - - - - 1 ف-4، 1 ف-3، 1 خ م، 1 م ف و، 1 م ف و، 1 م ف و، 1 م ف و، 1 م ف و          0          0          0         ن ن ن ن ن ن                        ا_ C C C C C C C C C C C C C C C C C C C C C C C C C C C C C C C C C C C C C C C C C C C C C C C C C C C C C C C C C C C C C C C C C's                          0          ن ن ن ن ن ن          ن ن ن ن ن ن         ن ن ن ن ن ن                   ن ن ن ن ن ن         ن ن ن ن ن ن         ن ن ن ن ن ن           ن ن ن ن ن ن         ن ن ن ن ن ن
        ن ن ن ن ن ن                               0          0          0         ن ن ن ن ن ن                    المجموع 1 ف-4، 1 ف-3، 1 خ م، 1 م و، 1 م و، 1 م و، 1 م و، 1 م و، 1 م أ م          0          0          0          ن ن ن ن ن ن         "
party budget1.xlsx,1,5," NaN         NaN                   NaN         NaN         NaN           NaN         NaN
        NaN            Total for music       1200       1250         50         NaN                    Photo albums          0          0          0          NaN          NaN         NaN                   NaN         NaN         NaN           NaN         NaN
        NaN                        NaN        NaN        NaN        NaN         NaN                     Videography        950        950          0          NaN          NaN         NaN                   NaN         NaN         NaN           NaN         NaN
        NaN                        NaN        NaN        NaN        NaN         NaN                          Others          0          0          0          NaN          NaN         NaN                   NaN         NaN         NaN           NaN         NaN
        NaN                  RECEPTION  ESTIMATED     ACTUAL OVER/UNDER         NaN           Total for photography       2950       2950          0          NaN          NaN         NaN                   NaN         NaN         NaN           NaN         NaN
        NaN             Room/hall fees       5500       5300       -200         NaN                             NaN        NaN        NaN        NaN          NaN          NaN         NaN                   NaN         NaN         NaN           NaN         NaN
        NaN          Tables and chairs          0          0          0         NaN                             NaN        NaN        NaN        NaN          NaN          NaN         NaN                   NaN         NaN         NaN           NaN         NaN
        NaN                       Food          0          0          0         NaN           STATIONERY / PRINTING  ESTIMATED     ACTUAL OVER/UNDER          NaN          NaN         NaN                   NaN         NaN         NaN           NaN         NaN
        NaN                     Drinks          0          0          0         NaN                     Invitations        400        400          0          NaN          NaN         NaN                   NaN         NaN         NaN           NaN         NaN
        NaN                     Linens          0          0          0         NaN                   Announcements          0          0          0          NaN          NaN         NaN                   NaN         NaN         NaN           NaN         NaN
        NaN                       Cake          0          0          0         NaN                 Thank-You cards          0          0          0          NaN          NaN         NaN                   NaN         NaN         NaN           NaN         NaN
        NaN                     Favors          0          0          0         NaN             Personal stationery          0          0          0          NaN          NaN         NaN                   NaN"," ن ن ن ن ن ن         ن ن ن ن ن ن                   ن ن ن ن ن ن         ن ن ن ن ن ن         ن ن ن ن ن ن           ن ن ن ن ن ن         ن ن ن ن ن ن
        ن ن ن ن ن ن            (أ) - - - - - - - - - - - - -        ألف ألف ألف       12 50         50         ن ن ن ن ن ن                    هل أُوجِسْن           0          0          0          ن ن ن ن ن ن          ن ن ن ن ن ن         ن ن ن ن ن ن                   ن ن ن ن ن ن         ن ن ن ن ن ن         ن ن ن ن ن ن           ن ن ن ن ن ن         ن ن ن ن ن ن
        ن ن ن ن ن ن                        ن ن ن ن ن ن        ن ن ن ن ن ن        ن ن ن ن ن ن        ن ن ن ن ن ن         ن ن ن ن ن ن                     الدراسـة        9 50        9 50          0          ن ن ن ن ن ن          ن ن ن ن ن ن         ن ن ن ن ن ن                   ن ن ن ن ن ن         ن ن ن ن ن ن         ن ن ن ن ن ن           ن ن ن ن ن ن         ن ن ن ن ن ن
        ن ن ن ن ن ن                        ن ن ن ن ن ن        ن ن ن ن ن ن        ن ن ن ن ن ن        ن ن ن ن ن ن         ن ن ن ن ن ن                                    0          0          0          ن ن ن ن ن ن          ن ن ن ن ن ن         ن ن ن ن ن ن                   ن ن ن ن ن ن         ن ن ن ن ن ن         ن ن ن ن ن ن           ن ن ن ن ن ن         ن ن ن ن ن ن
        ن ن ن ن ن ن                    حتى     ( رأس المال رأس المال ع م ع م ع م/         ن ن ن ن ن ن           (أ) - - - - - - - - - - - - -        29 50       29 50          0          ن ن ن ن ن ن          ن ن ن ن ن ن         ن ن ن ن ن ن                   ن ن ن ن ن ن         ن ن ن ن ن ن         ن ن ن ن ن ن           ن ن ن ن ن ن         ن ن ن ن ن ن
        ن ن ن ن ن ن             1 قاعة ليو أُ/لا يوجد الرسوم       ألف ألف -       ألف ألف ألف ألف       -)٢         ن ن ن ن ن ن                             ن ن ن ن ن ن        ن ن ن ن ن ن        ن ن ن ن ن ن        ن ن ن ن ن ن          ن ن ن ن ن ن          ن ن ن ن ن ن         ن ن ن ن ن ن                   ن ن ن ن ن ن         ن ن ن ن ن ن         ن ن ن ن ن ن           ن ن ن ن ن ن         ن ن ن ن ن ن
        ن ن ن ن ن ن          الجداول وقد عقد مؤتمراً بشأن كراسي          0          0          0         ن ن ن ن ن ن                             ن ن ن ن ن ن        ن ن ن ن ن ن        ن ن ن ن ن ن        ن ن ن ن ن ن          ن ن ن ن ن ن          ن ن ن ن ن ن         ن ن ن ن ن ن                   ن ن ن ن ن ن         ن ن ن ن ن ن         ن ن ن ن ن ن           ن ن ن ن ن ن         ن ن ن ن ن ن
        ن ن ن ن ن ن                       1 ف-5، 1 ف-4، 1 ف-3، 1 خ م، 1 م و، 1 م و، 1 م و، 1 م و، 1 م أ م          0          0          0         ن ن ن ن ن ن            /   حتى     ( رأس المال رأس المال ع م ع م ع م/          ن ن ن ن ن ن          ن ن ن ن ن ن         ن ن ن ن ن ن                   ن ن ن ن ن ن         ن ن ن ن ن ن         ن ن ن ن ن ن           ن ن ن ن ن ن         ن ن ن ن ن ن
        ن ن ن ن ن ن                               0          0          0         ن ن ن ن ن ن                                               0          ن ن ن ن ن ن          ن ن ن ن ن ن         ن ن ن ن ن ن                   ن ن ن ن ن ن         ن ن ن ن ن ن         ن ن ن ن ن ن           ن ن ن ن ن ن         ن ن ن ن ن ن
        ن ن ن ن ن ن                               0          0          0         ن ن ن ن ن ن                   إعفــلانــ الإعلانات فــي إعــلان          0          0          0          ن ن ن ن ن ن          ن ن ن ن ن ن         ن ن ن ن ن ن                   ن ن ن ن ن ن         ن ن ن ن ن ن         ن ن ن ن ن ن           ن ن ن ن ن ن         ن ن ن ن ن ن
        ن ن ن ن ن ن                       مركيك          0          0          0         ن ن ن ن ن ن                 (الشكر) (الشكر)-- - - - - - - - - - - -           0          0          0          ن ن ن ن ن ن          ن ن ن ن ن ن         ن ن ن ن ن ن                   ن ن ن ن ن ن         ن ن ن ن ن ن         ن ن ن ن ن ن           ن ن ن ن ن ن         ن ن ن ن ن ن
        ن ن ن ن ن ن                     المُنْفِذات          0          0          0         ن ن ن ن ن ن             الشخصية الشخصية           0          0          0          ن ن ن ن ن ن          ن ن ن ن ن ن         ن ن ن ن ن ن                   ن ن ن ن ن ن"
party budget1.xlsx,1,6,"         NaN         NaN           NaN         NaN
        NaN       Staff and gratuities          0          0          0         NaN                      Guest book          0          0          0          NaN          NaN         NaN                   NaN         NaN         NaN           NaN         NaN
        NaN                     Others          0          0          0         NaN                        Programs          0          0          0          NaN          NaN         NaN                   NaN         NaN         NaN           NaN         NaN
        NaN        Total for reception       5500       5300       -200         NaN               Reception napkins          0          0          0          NaN          NaN         NaN                   NaN         NaN         NaN           NaN         NaN
        NaN                        NaN        NaN        NaN        NaN         NaN                      Matchbooks          0          0          0          NaN          NaN         NaN                   NaN         NaN         NaN           NaN         NaN
        NaN                        NaN        NaN        NaN        NaN         NaN                     Calligraphy          0          0          0          NaN          NaN         NaN                   NaN         NaN         NaN           NaN         NaN
        NaN             OTHER EXPENSES  ESTIMATED     ACTUAL OVER/UNDER         NaN                          Others          0          0          0          NaN          NaN         NaN                   NaN         NaN         NaN           NaN         NaN
        NaN                  Officiant        300        300          0         NaN Total for stationery / printing        400        400          0          NaN          NaN         NaN                   NaN         NaN         NaN           NaN         NaN
        NaN   Church/ceremony site fee          0          0          0         NaN                             NaN        NaN        NaN        NaN          NaN          NaN         NaN                   NaN         NaN         NaN           NaN         NaN
        NaN        Wedding coordinator          0          0          0         NaN                             NaN        NaN        NaN        NaN          NaN          NaN         NaN                   NaN         NaN         NaN           NaN         NaN
        NaN           Rehearsal dinner          0          0          0         NaN                  TRANSPORTATION  ESTIMATED     ACTUAL OVER/UNDER          NaN          NaN         NaN                   NaN         NaN         NaN           NaN         NaN
        NaN           Engagement party          0          0          0         NaN             Limousines/trolleys        900        900          0          NaN          NaN        ","         ن ن ن ن ن ن         ن ن ن ن ن ن           ن ن ن ن ن ن         ن ن ن ن ن ن
        ن ن ن ن ن ن       الموظفون من فئة وقد عقد مؤتمراً بشأن الحول الحول          0          0          0         ن ن ن ن ن ن                      الوليس عدد الكتب          0          0          0          ن ن ن ن ن ن          ن ن ن ن ن ن         ن ن ن ن ن ن                   ن ن ن ن ن ن         ن ن ن ن ن ن         ن ن ن ن ن ن           ن ن ن ن ن ن         ن ن ن ن ن ن
        ن ن ن ن ن ن                               0          0          0         ن ن ن ن ن ن                                  0          0          0          ن ن ن ن ن ن          ن ن ن ن ن ن         ن ن ن ن ن ن                   ن ن ن ن ن ن         ن ن ن ن ن ن         ن ن ن ن ن ن           ن ن ن ن ن ن         ن ن ن ن ن ن
        ن ن ن ن ن ن        (أ) - - - - - - - - - - - - - 1 ف-4، 1 ف-3، 1 خ م، 1 م ف و، 1 م ف و، 1 م ف و، 1 م ف و، 1 م ف و       ألف ألف -       ألف ألف ألف ألف       -)٢         ن ن ن ن ن ن               1 ف-5، 1 ف-4، 1 ف-3، 1 ف-2           0          0          0          ن ن ن ن ن ن          ن ن ن ن ن ن         ن ن ن ن ن ن                   ن ن ن ن ن ن         ن ن ن ن ن ن         ن ن ن ن ن ن           ن ن ن ن ن ن         ن ن ن ن ن ن
        ن ن ن ن ن ن                        ن ن ن ن ن ن        ن ن ن ن ن ن        ن ن ن ن ن ن        ن ن ن ن ن ن         ن ن ن ن ن ن                      الكتب          0          0          0          ن ن ن ن ن ن          ن ن ن ن ن ن         ن ن ن ن ن ن                   ن ن ن ن ن ن         ن ن ن ن ن ن         ن ن ن ن ن ن           ن ن ن ن ن ن         ن ن ن ن ن ن
        ن ن ن ن ن ن                        ن ن ن ن ن ن        ن ن ن ن ن ن        ن ن ن ن ن ن        ن ن ن ن ن ن         ن ن ن ن ن ن                     الشطر الخط الخط الخط الخطي          0          0          0          ن ن ن ن ن ن          ن ن ن ن ن ن         ن ن ن ن ن ن                   ن ن ن ن ن ن         ن ن ن ن ن ن         ن ن ن ن ن ن           ن ن ن ن ن ن         ن ن ن ن ن ن
        ن ن ن ن ن ن             منظمات أخرى أخرى التكلفـات  حتى     ( رأس المال رأس المال ع م ع م ع م/         ن ن ن ن ن ن                                    0          0          0          ن ن ن ن ن ن          ن ن ن ن ن ن         ن ن ن ن ن ن                   ن ن ن ن ن ن         ن ن ن ن ن ن         ن ن ن ن ن ن           ن ن ن ن ن ن         ن ن ن ن ن ن
        ن ن ن ن ن ن                                            0         ن ن ن ن ن ن (أ) - - - - - - - - - - - - -  / 1 ف-4، 1 ف-3، 1 خ م، 1 خ ع (رأ)، 1 خ ع (رأ)، 1 خ ع (رأ)، 1 خ ع (رأ)، 1 خ ع (رأ)                          0          ن ن ن ن ن ن          ن ن ن ن ن ن         ن ن ن ن ن ن                   ن ن ن ن ن ن         ن ن ن ن ن ن         ن ن ن ن ن ن           ن ن ن ن ن ن         ن ن ن ن ن ن
        ن ن ن ن ن ن   /التأجيل الموقع الموقع الرسم          0          0          0         ن ن ن ن ن ن                             ن ن ن ن ن ن        ن ن ن ن ن ن        ن ن ن ن ن ن        ن ن ن ن ن ن          ن ن ن ن ن ن          ن ن ن ن ن ن         ن ن ن ن ن ن                   ن ن ن ن ن ن         ن ن ن ن ن ن         ن ن ن ن ن ن           ن ن ن ن ن ن         ن ن ن ن ن ن
        ن ن ن ن ن ن        (يُززززز منسق منسق          0          0          0         ن ن ن ن ن ن                             ن ن ن ن ن ن        ن ن ن ن ن ن        ن ن ن ن ن ن        ن ن ن ن ن ن          ن ن ن ن ن ن          ن ن ن ن ن ن         ن ن ن ن ن ن                   ن ن ن ن ن ن         ن ن ن ن ن ن         ن ن ن ن ن ن           ن ن ن ن ن ن         ن ن ن ن ن ن
        ن ن ن ن ن ن           التدرّج العشاء العشاء          0          0          0         ن ن ن ن ن ن                    حتى     ( رأس المال رأس المال ع م ع م ع م/          ن ن ن ن ن ن          ن ن ن ن ن ن         ن ن ن ن ن ن                   ن ن ن ن ن ن         ن ن ن ن ن ن         ن ن ن ن ن ن           ن ن ن ن ن ن         ن ن ن ن ن ن
        ن ن ن ن ن ن           المشاركة الطرف الطرف          0          0          0         ن ن ن ن ن ن             المطهرات/عدد الأسكتيات                          0          ن ن ن ن ن ن          ن ن ن ن ن ن        "
party budget1.xlsx,1,7," NaN                   NaN         NaN         NaN           NaN         NaN
        NaN                    Showers          0          0          0         NaN                         Parking        200        200          0          NaN          NaN         NaN                   NaN         NaN         NaN           NaN         NaN
        NaN      Bachelor/ette parties          0          0          0         NaN                           Taxis        350        300        -50          NaN          NaN         NaN                   NaN         NaN         NaN           NaN         NaN
        NaN                Hotel rooms          0          0          0         NaN                          Others          0          0          0          NaN          NaN         NaN                   NaN         NaN         NaN           NaN         NaN
        NaN   Total for other expenses        300        300          0         NaN        Total for transportation       1450       1400        -50          NaN          NaN         NaN                   NaN         NaN         NaN           NaN         NaN"," ن ن ن ن ن ن                   ن ن ن ن ن ن         ن ن ن ن ن ن         ن ن ن ن ن ن           ن ن ن ن ن ن         ن ن ن ن ن ن
        ن ن ن ن ن ن                              0          0          0         ن ن ن ن ن ن                         المواني        )٢        )٢          0          ن ن ن ن ن ن          ن ن ن ن ن ن         ن ن ن ن ن ن                   ن ن ن ن ن ن         ن ن ن ن ن ن         ن ن ن ن ن ن           ن ن ن ن ن ن         ن ن ن ن ن ن
        ن ن ن ن ن ن      درجة الب/قُصْت الأطراف الأطراف          0          0          0         ن ن ن ن ن ن                                                   -50          ن ن ن ن ن ن          ن ن ن ن ن ن         ن ن ن ن ن ن                   ن ن ن ن ن ن         ن ن ن ن ن ن         ن ن ن ن ن ن           ن ن ن ن ن ن         ن ن ن ن ن ن
        ن ن ن ن ن ن                (العجز)           0          0          0         ن ن ن ن ن ن                                    0          0          0          ن ن ن ن ن ن          ن ن ن ن ن ن         ن ن ن ن ن ن                   ن ن ن ن ن ن         ن ن ن ن ن ن         ن ن ن ن ن ن           ن ن ن ن ن ن         ن ن ن ن ن ن
        ن ن ن ن ن ن   (أ) - - - - - - - - - - - - - نفقات أخرى                           0         ن ن ن ن ن ن        (أ) - - - - - - - - - - - - -        أولا -       ألف ألف -        -50          ن ن ن ن ن ن          ن ن ن ن ن ن         ن ن ن ن ن ن                   ن ن ن ن ن ن         ن ن ن ن ن ن         ن ن ن ن ن ن           ن ن ن ن ن ن         ن ن ن ن ن ن"
